Workbook

Sheet Weekly Template
B2: Weekly Timesheet:
B4: Week Ending:
B7: Organization: | D7: Employee Name: | F7: Supervisor Name:
B8: IT Hero PTY LTD | D8: Tapuosi Latunipulu | F8: Rajeev Prasad
B12: Labour Hours | O12: Own Vehicle used | S12: Living away from Home Allowance (LAFHA)
B13: Day of the week | C13: Client/Project | D13: Project Code | E13: Work Details | F13: Check-in time | G13: Check-out time | H13: Break hours | I13: Total hours | J13: Conversion hours (breaks) | K13: Conversion Min Breaks | L13: Non- billable hours | M13: Total work hours | O13: KM Start | P13: KM Finish | Q13: KM travelled | S13: Breakfast | T13: Lunch | U13: Dinner | V13: Total Reimbursement
B14: Thursday | I14: =IF(G14 >= F14, G14-F14, G14+1-F14)*24 - J14-K14 -> 0 | J14: =IF(ISBLANK(H14),0,VLOOKUP(H14,Sheet1!$C$2:$E$10,2,FALSE)) -> 0 | K14: =IF(ISBLANK(H14),0,VLOOKUP(H14,Sheet1!$C$2:$F$10,4,FALSE)) -> 0 | M14: =I14-L14 -> 0 | Q14: =P14-O14 -> 0 | V14: =COUNTIF(S14:U14,"Yes") -> 0
B15: Friday | C15: TM004 | D15: TM004 | E15: IGA Local Grocer proactive maintenance work | F15: 0.35416667 | G15: 0.66666667 | H15: 0 Hour 30 Minutes | I15: =IF(G15 >= F15, G15-F15, G15+1-F15)*24 - J15-K15 -> 7 | J15: =IF(ISBLANK(H15),0,VLOOKUP(H15,Sheet1!$C$2:$E$10,2,FALSE)) -> 0 | K15: =IF(ISBLANK(H15),0,VLOOKUP(H15,Sheet1!$C$2:$F$10,4,FALSE)) -> 0.5 | M15: =I15-L15 -> 7 | Q15: =P15-O15 -> 0 | V15: =COUNTIF(S15:U15,"Yes") -> 0
B16: Saturday | I16: =IF(G16 >= F16, G16-F16, G16+1-F16)*24 - J16-K16 -> 0 | J16: =IF(ISBLANK(H16),0,VLOOKUP(H16,Sheet1!$C$2:$E$10,2,FALSE)) -> 0 | K16: =IF(ISBLANK(H16),0,VLOOKUP(H16,Sheet1!$C$2:$F$10,4,FALSE)) -> 0 | M16: =I16-L16 -> 0 | Q16: =P16-O16 -> 0 | V16: =COUNTIF(S16:U16,"Yes") -> 0
B17: Sunday | I17: =IF(G17 >= F17, G17-F17, G17+1-F17)*24 - J17-K17 -> 0 | J17: =IF(ISBLANK(H17),0,VLOOKUP(H17,Sheet1!$C$2:$E$10,2,FALSE)) -> 0 | K17: =IF(ISBLANK(H17),0,VLOOKUP(H17,Sheet1!$C$2:$F$10,4,FALSE)) -> 0 | M17: =I17-L17 -> 0 | Q17: =P17-O17 -> 0 | V17: =COUNTIF(S17:U17,"Yes") -> 0
B18: Monday | I18: =IF(G18 >= F18, G18-F18, G18+1-F18)*24 - J18-K18 -> 0 | J18: =IF(ISBLANK(H18),0,VLOOKUP(H18,Sheet1!$C$2:$E$10,2,FALSE)) -> 0 | K18: =IF(ISBLANK(H18),0,VLOOKUP(H18,Sheet1!$C$2:$F$10,4,FALSE)) -> 0 | M18: =I18-L18 -> 0 | Q18: =P18-O18 -> 0 | V18: =COUNTIF(S18:U18,"Yes") -> 0
B19: Tuesday | C19: Kiama, NSW 2533, Nowra NSW 2541 | D19: 2533, 2541 | E19: Media player swap and install | F19: 0.375 | G19: 0.041666667 | H19: 0 Hour 45 Minutes | I19: =IF(G19 >= F19, G19-F19, G19+1-F19)*24 - J19-K19 -> 15.25 | J19: =IF(ISBLANK(H19),0,VLOOKUP(H19,Sheet1!$C$2:$E$10,2,FALSE)) -> 0 | K19: =IF(ISBLANK(H19),0,VLOOKUP(H19,Sheet1!$C$2:$F$10,4,FALSE)) -> 0.75 | M19: =I19-L19 -> 15.25 | Q19: =P19-O19 -> 0 | V19: =COUNTIF(S19:U19,"Yes") -> 0
B20: Wednesday | C20: Erina 2137 | D20: 2155 | E20: Media player swap and install and psu swap and install | F20: 0.69791667 | G20: 0.95833333 | H20: No Break | I20: =IF(G20 >= F20, G20-F20, G20+1-F20)*24 - J20-K20 -> 6.25 | J20: =IF(ISBLANK(H20),0,VLOOKUP(H20,Sheet1!$C$2:$E$10,2,FALSE)) -> 0 | K20: =IF(ISBLANK(H20),0,VLOOKUP(H20,Sheet1!$C$2:$F$10,4,FALSE)) -> 0 | M20: =I20-L20 -> 6.25 | Q20: =P20-O20 -> 0 | V20: =COUNTIF(S20:U20,"Yes") -> 0
B21: Total: | H21: =SUM(H14:H20) -> 0 | I21: =SUM(I14:I20) -> 28.5 | L21: =SUM(L14:L20) -> 0 | M21: =SUM(M14:M20) -> 28.5 | P21: Total vehicle travel | Q21: =SUM(Q14:Q20) -> 0 | S21: Total Reimbursement | V21: =SUM(V14:V20) -> 0
B23: Status | C23: {=IF(SUMPRODUCT(--((MMULT(--(C14:H20<>""),TRANSPOSE(COLUMN(C14:H14)^0))>0) * (MMULT(--(C14:H20=""),TRANSPOSE(COLUMN(C14:H14)^0))>0)))>0, "Incomplete Table", "Good to send")} -> Good to send
B25: Comments: | P25: Vehicle Rego
B26: Example: Media player didn’t come with correct cables for the kiama nsw 2533 install.
B29: Employee Signature: | F29: Date:
B30: T.L | F30: 46274
B33: Supervisor Signature: | F33: Date:
B37: Note: - Mandatory 30 minute break is required every 5 hours of work
B38: - Mandatory 15 minute break every 2 hours of driving.
B39: - Mandatory 30 minute break is required every 5 hours of work
B40: - Send timesheets to rajeev@ithero.com.au and cc accounts@ithero.com.au
B41: - Send all receipts to rajeev@ithero.com.au and cc accounts@ithero.com.au
B42: - Submit only 1 timesheet per week.
B43: -LAFHA reimbursement needs to be selected "Yes" per meal. LAFHA needs to be approved by your manager. Attach receipts with timesheet
B46: cc accounts@ithero.com.au
B47: rajeev@ithero.com.au

Sheet Sheet1
A1: TIme | C1: Break | D1: hour | E1: mins | F1: converted
A2: 0 | C2: No Break | D2: 0 | E2: 0 | F2: 0
A3: 0.010416667 | C3: 0 Hour 15 Minutes | D3: =VALUE(LEFT(C3,FIND(" Hour",C3)-1)) -> 0 | E3: =VALUE(MID(C3,FIND("Hour",C3)+5,FIND("Minute",C3)-FIND("Hour",C3)-5)) -> 15 | F3: 0.25
A4: 0.020833333 | C4: 0 Hour 30 Minutes | D4: =VALUE(LEFT(C4,FIND(" Hour",C4)-1)) -> 0 | E4: =VALUE(MID(C4,FIND("Hour",C4)+5,FIND("Minute",C4)-FIND("Hour",C4)-5)) -> 30 | F4: 0.5
A5: 0.03125 | C5: 0 Hour 45 Minutes | D5: =VALUE(LEFT(C5,FIND(" Hour",C5)-1)) -> 0 | E5: =VALUE(MID(C5,FIND("Hour",C5)+5,FIND("Minute",C5)-FIND("Hour",C5)-5)) -> 45 | F5: 0.75
A6: 0.041666667 | C6: 1 Hour 0 Minutes | D6: =VALUE(LEFT(C6,FIND(" Hour",C6)-1)) -> 1 | E6: =VALUE(MID(C6,FIND("Hour",C6)+5,FIND("Minute",C6)-FIND("Hour",C6)-5)) -> 0 | F6: 0
A7: 0.052083333 | C7: 1 Hour 15 Minutes | D7: =VALUE(LEFT(C7,FIND(" Hour",C7)-1)) -> 1 | E7: =VALUE(MID(C7,FIND("Hour",C7)+5,FIND("Minute",C7)-FIND("Hour",C7)-5)) -> 15 | F7: 0.25
A8: 0.0625 | C8: 1 Hour 30 Minutes | D8: =VALUE(LEFT(C8,FIND(" Hour",C8)-1)) -> 1 | E8: =VALUE(MID(C8,FIND("Hour",C8)+5,FIND("Minute",C8)-FIND("Hour",C8)-5)) -> 30 | F8: 0.5
A9: 0.072916667 | C9: 1 Hour 45 Minutes | D9: =VALUE(LEFT(C9,FIND(" Hour",C9)-1)) -> 1 | E9: =VALUE(MID(C9,FIND("Hour",C9)+5,FIND("Minute",C9)-FIND("Hour",C9)-5)) -> 45 | F9: 0.75
A10: 0.083333333 | C10: 2 Hour 0 Minutes | D10: =VALUE(LEFT(C10,FIND(" Hour",C10)-1)) -> 2 | E10: =VALUE(MID(C10,FIND("Hour",C10)+5,FIND("Minute",C10)-FIND("Hour",C10)-5)) -> 0 | F10: 0
A11: 0.09375
A12: 0.10416667
A13: 0.11458333
A14: 0.125
A15: 0.13541667
A16: 0.14583333
A17: 0.15625
A18: 0.16666667
A19: 0.17708333
A20: 0.1875
A21: 0.19791667
A22: 0.20833333
... A97: 0.98958333
